id,source,full_text,relevant,photo_type,cues_remembered,cues_missing,failure_stage,outcome,urgency,evidence_quote,quote_verified,url,human_agrees
play:70b34395041a,play_store,hate the new update. the thumbnails on the grid are all different sizes so its not a uniform grid and it makes it look so unorganized and cluttered. also makes it hard to look for specific photos because the bigger ones overwhelm me. wish it was all still a uniform grid. makes me not want to use it,True,unspecified,['nothing_specific'],[],browse,gave_up,1,makes it hard to look for specific photos because the bigger ones overwhelm me. wish it was all still a uniform grid. makes me not want to use it,True,https://play.google.com/store/apps/details?id=com.google.android.apps.photos&reviewId=e70f8b3c-a92c-45a9-a32f-f6f1e7ecdc87,
play:43e6e5cf375d,play_store,I love this app. I rely on it my entire life. I would like to make a suggestion. Can you please add a search feature to look for a specific album name when adding photos. I have many albums. So it takes long time to scroll down a list of albums when you want to add photos to a specific album. Im sure the users need that feature too. Please make it happen 🙏🙏🙏🙏🙏 I would give 5 stars if you make it happen,True,unspecified,['nothing_specific'],[],browse,found_with_effort,1,So it takes long time to scroll down a list of albums when you want to add photos to a specific album.,True,https://play.google.com/store/apps/details?id=com.google.android.apps.photos&reviewId=37056500-260b-4b78-bebb-9a21218196de,
play:562e7be30a82,play_store,"I don't like the new update. It makes finding pictures in different months difficult. The layout is weird no matter if I set it on Day, Month, or Comfortable. I miss the other one",True,unspecified,['time_approx'],[],browse,found_with_effort,1,"It makes finding pictures in different months difficult. The layout is weird no matter if I set it on Day, Month, or Comfortable.",True,https://play.google.com/store/apps/details?id=com.google.android.apps.photos&reviewId=fb063905-64d7-4477-874b-47b38dee3ea0,
hn:182e3ca062b5,hacker_news,"Google Photos: Fastest growing Google product ever. Alas, Google Photos search is based on Date and it's version of a visual search, but not keywords where I've spent years cataloging my pictures for search. Photos is useful for AutoBackup, but lousy at finding the picture I want",True,unspecified,['nothing_specific'],[],interpret,gave_up,2,"Photos is useful for AutoBackup, but lousy at finding the picture I want",True,https://news.ycombinator.com/item?id=14372618,
play:649d5597fb13,play_store,"I take a photo, open this app, can't find it. That's very basic. This can never be my primary photo app any longer. FYI, they aren't lost; your folder organization structure is just awful. My recent photos should be the first thing I see. Instead I have to spend 5 minutes hunting for it. Again, this is basic stuff",True,unspecified,['time_approx'],[],browse,found_with_effort,2,"I take a photo, open this app, can't find it. [...] Instead I have to spend 5 minutes hunting for it.",False,https://play.google.com/store/apps/details?id=com.google.android.apps.photos&reviewId=41e1b913-8011-4f3b-8ad4-b686e397e550,
play:71bfb5d716b1,play_store,"I hate this app. I can never find a photo Im' looking for unless I scroll through multiple categories. Why can't everything be in one place so you don't have to search through the ""library"" of categories. It automatically places them in a certain spot without giving you a choice. AWFUL. I get so frustrated when I want to pull up a photo on my phone to show someone and them it takes me 5 minutes to find it",True,unspecified,['nothing_specific'],[],browse,found_with_effort,2,I can never find a photo Im' looking for unless I scroll through multiple categories.,True,https://play.google.com/store/apps/details?id=com.google.android.apps.photos&reviewId=d70e6685-c64a-441f-a25a-1e2254bbca07,
play:b539c1837697,play_store,"PLEASE FIX ASAP! WHERE DO THE EDITED PHOTOS GO? As soon as you finish editing and click SAVE it's GONE and you can only search for the original photo again! PLEASE FIX THIS! Also still need to make the editor LARGER and the buttons easier but overall the navigation menus and saving still need help! Search works ok but saved photos should be saved instantly to an easy to find location! edited and automatic edits and missed ""memories"" are also hard to find a calendar option and more folders too",True,unspecified,['nothing_specific'],[],interpret,gave_up,2,As soon as you finish editing and click SAVE it's GONE and you can only search for the original photo again!,True,https://play.google.com/store/apps/details?id=com.google.android.apps.photos&reviewId=65d73c75-b625-4cfd-b61e-6a289cd1a2b0,
play:149f95d1236c,play_store,I don't like the new update ..I can't search ..or how can I enable search ..example for an item of name of a person,True,unspecified,['people'],[],express,gave_up,1,I don't like the new update ..I can't search ..or how can I enable search ..example for an item of name of a person,True,https://play.google.com/store/apps/details?id=com.google.android.apps.photos&reviewId=e5b46a4e-03a8-451c-b65b-ad17483e31c7,
play:d9a3493789b8,play_store,please give me my old photo backp,True,unspecified,['time_approx'],['nothing_specific'],unclear,gave_up,1,please give me my old photo backp,True,https://play.google.com/store/apps/details?id=com.google.android.apps.photos&reviewId=b1b89425-1816-4dc1-a74f-06666562fe3b,
play:3cfa6a378f58,play_store,"My photos aren't in the app. Some appear but 99% can only be accessed from my Files app. Sorting is just bad (no sub folders is a pain for someone with many pictures). When editing, you can only ""Save as copy"" so you have to delete the original after editing. The only feature I needed and used (adjusting pictures of documents) became premium and now I can only rely on the ""Automatic"" button. Wish I could delete this app but it's preinstalled. Gotta find a decent gallery app additionally now",True,document_id,['purpose'],[],browse,gave_up,2,My photos aren't in the app. Some appear but 99% can only be accessed from my Files app.,True,https://play.google.com/store/apps/details?id=com.google.android.apps.photos&reviewId=f5998f62-1f9e-494c-8805-a9e8b93ec5e2,
play:d4f65990fc7b,play_store,app sucks can't search by meta tag without Google servers,True,unspecified,[],[],interpret,gave_up,2,app sucks can't search by meta tag without Google servers,True,https://play.google.com/store/apps/details?id=com.google.android.apps.photos&reviewId=70e457cf-099e-4d4c-a139-3069dc7d339a,
play:4e86f9d62256,play_store,"It works good but it annoys me that you cant zoom out much. They also automatically hide half of your photos on the mainstream, I wish this was something you could turn off, the button that lets you unhide them has been moved and I cannot find it which is very annoying. i cant even find my own pics i dont want this app. another thing that bothers me is if I update too many photos at once to be a person or correct that they have someone marked as the wrong person it will just delete them",True,unspecified,['nothing_specific'],[],access,gave_up,1,They also automatically hide half of your photos on the mainstream... the button that lets you unhide them has been moved and I cannot find it,False,https://play.google.com/store/apps/details?id=com.google.android.apps.photos&reviewId=6675ab6e-16d1-487b-90ac-5928c109b510,
play:3bbc26edac3b,play_store,"Magic eraser (best feature by far) is ruined with new AI tools. lost ability to select text in a photo, now it just goes to share instead of going into lens mode which is a huge downgrade to efficiency. lens mode doesn't open the camera first so now you have to click another button. search feature is awful, it can't find anything anymore. everything that was great about this app is now terrible. way too many notifications",True,unspecified,['nothing_specific'],[],interpret,gave_up,1,"search feature is awful, it can't find anything anymore.",True,https://play.google.com/store/apps/details?id=com.google.android.apps.photos&reviewId=1341a457-16f4-4397-bb2e-077de5ccbf13,
play:cfc32bc6f4da,play_store,"I hate this app. All of my pictures are everywhere. They aren't sorted by anything that makes sense. My screen shots aren't together. My pictures from my other apps are a pain to find. Going from Samsung photos to Google Photos is a joke. I don't know why anyone would choose to use this photo I app. I enjoy every other Google app, but this one is literally trash",True,screenshot_info,['source_app'],[],browse,gave_up,1,My screen shots aren't together. My pictures from my other apps are a pain to find.,True,https://play.google.com/store/apps/details?id=com.google.android.apps.photos&reviewId=136c96b4-cd1b-47ca-8dc5-c2e988afbbda,
play:adcbb2255943,play_store,"The new update is absolute wack, my photos aren't organized into different days anymore and everything is just bunched up. It's become almost impossible to find photos that I want since I like to document the things I do. very disappointed",True,unspecified,['nothing_specific'],[],browse,gave_up,1,my photos aren't organized into different days anymore and everything is just bunched up. It's become almost impossible to find photos,True,https://play.google.com/store/apps/details?id=com.google.android.apps.photos&reviewId=66eb94d8-9309-4476-825a-47dd0dd3941d,
play:dfd04551ed04,play_store,hate the way this app can't even local indexing for unbacked up photo (can't use search feature for unbacked up photo),True,unspecified,['nothing_specific'],[],access,gave_up,2,hate the way this app can't even local indexing for unbacked up photo (can't use search feature for unbacked up photo),True,https://play.google.com/store/apps/details?id=com.google.android.apps.photos&reviewId=28466b42-b0e6-47a2-b044-387ff3021034,
play:2beb2ec449fc,play_store,"i am using pixel and Google photos from last 5 years , there are some problems 1. some time on of the folder get vanished from the app and I lost my 700 whatsapp images. (3months ago) I am again facing same problem but I searched the data in files, i got the folder as it is (whatsapp images) but not showing in gallary I don't know what to do. 2. it is difficult to find pictures by searching which was easier before update",True,other,[],['nothing_specific'],interpret,gave_up,1,it is difficult to find pictures by searching which was easier before update,True,https://play.google.com/store/apps/details?id=com.google.android.apps.photos&reviewId=0f096847-f9cd-406f-a5ea-48f8b595242e,
play:e2e5f4a02139,play_store,Photos are personal data. Why is it so hard to keep a copy on a local PC? I can't even find a place in Google Drive where my Samsung Gallery synced Photos are stored,True,unspecified,['source_app'],[],access,gave_up,2,I can't even find a place in Google Drive where my Samsung Gallery synced Photos are stored,True,https://play.google.com/store/apps/details?id=com.google.android.apps.photos&reviewId=df08fdad-00d6-4af2-867c-3cc9c93ddc93,
play:6aed4449170d,play_store,"So many updates, and yet you still cannot alphabetize your faces. No rhyme or reason to the way they show up. Makes it tough to find pictures of specific people",True,people_event,['people'],['nothing_specific'],browse,gave_up,1,you still cannot alphabetize your faces. No rhyme or reason to the way they show up. Makes it tough to find pictures of specific people,True,https://play.google.com/store/apps/details?id=com.google.android.apps.photos&reviewId=13c38232-9a7e-4654-a89e-bdfef6abdb5a,
play:a929764b162d,play_store,I'm currently locked out of looking at my own pictures on my phone because of Googles app. I have to find another app now or use a computer to look at them,True,unspecified,['nothing_specific'],[],access,gave_up,2,I'm currently locked out of looking at my own pictures on my phone because of Googles app.,True,https://play.google.com/store/apps/details?id=com.google.android.apps.photos&reviewId=acc6adfd-84dd-45f3-97aa-f3b0ec424bc9,
play:41d7cd67a5a7,play_store,"The search has ruined 20 years of careful intentional activity. the most basic things cannot be found now. searches that would have narrowed down and put a result out. now take five or six clarifications, including having to shut down the noise generated by the app",True,unspecified,[],[],refine,found_with_effort,2,"now take five or six clarifications, including having to shut down the noise generated by the app",True,https://play.google.com/store/apps/details?id=com.google.android.apps.photos&reviewId=823fb45a-ebb4-4721-bb4d-7565ed12f99a,
play:7b5adc407526,play_store,couldnt find search function at all :(,True,unspecified,['nothing_specific'],[],express,gave_up,1,couldnt find search function at all :(,True,https://play.google.com/store/apps/details?id=com.google.android.apps.photos&reviewId=51d11fe5-c18a-458b-82e6-4fb3c2b55578,
play:d006a9b54ff2,play_store,"it is not showing photos in main page of google photos but it shows only on the search sections like face,place etc",True,unspecified,['nothing_specific'],['nothing_specific'],browse,unknown,1,"it is not showing photos in main page of google photos but it shows only on the search sections like face,place etc",True,https://play.google.com/store/apps/details?id=com.google.android.apps.photos&reviewId=feea9d4b-f56f-428b-89e5-88cd009c9e59,
play:fea17b51862d,play_store,"it's horrible. It's my default *gallary"" app and managing what's on my device and what's on the cloud is awful. I can't find half the photos I want to send to people. Too hard to navigate",True,unspecified,['nothing_specific'],[],browse,gave_up,1,I can't find half the photos I want to send to people. Too hard to navigate,True,https://play.google.com/store/apps/details?id=com.google.android.apps.photos&reviewId=ab563c00-15c6-49d3-bdb3-53527d8b7429,
play:17d99996321e,play_store,can't find my photos or videos,True,unspecified,['nothing_specific'],[],browse,gave_up,2,can't find my photos or videos,True,https://play.google.com/store/apps/details?id=com.google.android.apps.photos&reviewId=46cb1d27-4411-449d-b2fe-20ad9ffe2cf6,
play:e359e729e07d,play_store,"please put the filename back in the swipe menu, not hidden behind the drop-down, it makes it absurdly hard to compare which photos are duplicates or edits of each other when swiping back and forth between them, you need to scroll the pull-up menu down and expand the drop-down on each individual one you want to compare",True,other,['visual_content'],[],browse,found_with_effort,2,it makes it absurdly hard to compare which photos are duplicates or edits of each other,True,https://play.google.com/store/apps/details?id=com.google.android.apps.photos&reviewId=59fa77b8-1e28-4597-a344-a76489bff1a2,
play:4200a06cedf2,play_store,"Photos used to be the perfect photos app. it had the best search funding of any app. I used to race iphone users to see how far we could find the same photo and I always won. Now this near perfect search function has been replaced by AI, which not only doesn't return the photos I'm looking for, it actually acts as a stumbling block to me finding them. It's slow and inefficient. Another perfectly good tool ruined in the name of trying to convince us that AI is inevitable",True,unspecified,[],[],interpret,gave_up,1,"Now this near perfect search function has been replaced by AI, which not only doesn't return the photos I'm looking for, it actually acts as a stumbling block",True,https://play.google.com/store/apps/details?id=com.google.android.apps.photos&reviewId=d6276e7a-5d2b-4533-ac69-4242148d9e22,
play:08f8acc5e1a0,play_store,"Can't download photos! Shared album photos went missing after user deleted them from their phone even after I backed up the photos? Shared users add photos they can see but I cannot, yet I get notifications. There is no clear identification of phone albums vs Google online albums. The new search is HORRIBLE. They show you pictures a decade old vs the most recent one with no way to sort. no way to download pictures so you have to take screenshot?! No conversion of Heic photos. Gui is frustrating",True,unspecified,['nothing_specific'],[],interpret,gave_up,2,The new search is HORRIBLE. They show you pictures a decade old vs the most recent one with no way to sort.,True,https://play.google.com/store/apps/details?id=com.google.android.apps.photos&reviewId=231a30ba-eec0-46e7-ba22-d0b13dc00636,
appstore:b709f975d18e,app_store,"Google photos and in my Gmail too back up app. When I go to my Google photos and I take a screenshot after I edit it when I buy things at a store in different towns and different places why doesn’t it show up on top of the photo? Why can’t I see on the top of my photo where I purchased something, Braintree Qwincy, stuff like that when I take a snapshot and I edit it into the maps? it’s not showing up, it showed up the other day and now it’s not It used to and it stopped doing it. I don’t know if my settings are incorrectly",True,receipt_payment,['place' 'source_app'],[],interpret,unknown,2,when I buy things at a store in different towns and different places why doesn’t it show up on top of the photo?,True,https://apps.apple.com/us/app/id962194608?see-all=reviews,
hn:98de3a01d1a7,hacker_news,"The AI Backlash Is Here: Why Public Patience with Tech Giants Is Running Out. Google's photo app had the searching for years. It seemed a lot more useful a few years ago when it was using dumber image recognition models. Now it returns fewer matches on the same search. I tend to search the same things a few times a year as a supplement to some story and it's been frustrating to see in real time, a picture that used to come up when searching ""car"" or ""guitar"" is missing and instead unrelated pictures returned",True,other,['visual_content'],[],interpret,gave_up,1,"a picture that used to come up when searching ""car"" or ""guitar"" is missing and instead unrelated pictures returned",True,https://news.ycombinator.com/item?id=46165697,
play:7ffb8aa25173,play_store,"Pixel 10. ADS SLOP & CLUTTERS PHOTOS into a jumbled mess . Organization is dreadfull. Cannot Sort FOLDERS or PEOPLE by Name, Many important faces NOT FOUND so edit & Create PEOPLE w/name & App still not autoadded But Fuzzy Background Nobody faces are 🤯TEXT/SUBJECT search is FAIL. ""Car Engine"" - have 100s of repair photos But Only 15 Show? Often AI says ""none""or wonky/useless ""results"" includes ALOT (100s +) irrelevant results. Edited Image cannot be reedited, reverts to original photo😖",True,other,['visual_content' 'text_in_image'],[],interpret,found_with_effort,2,"TEXT/SUBJECT search is FAIL. ""Car Engine"" - have 100s of repair photos But Only 15 Show? Often AI says ""none""or wonky/useless ""results"" includes ALOT (100s +) irrelevant results.",True,https://play.google.com/store/apps/details?id=com.google.android.apps.photos&reviewId=72dcb862-c595-4edf-a0a9-0ba0b9d4519e,
play:c813b5fb8357,play_store,"I really wish I could find a better app for my pictures. You all go in and do these updates that doesn't need them. I HATE this new update! Took out daily and now GROUP all pictures under the MONTHS 😡 I like knowing the exact date my pics were taken! Also adding names to the pictures. It used to keep the last person name added so if you had multiple pics, you could just go in and add their names, NOW you have to SEARCH THE NAME every single time now!",True,unspecified,['time_approx'],[],browse,found_with_effort,1,Took out daily and now GROUP all pictures under the MONTHS 😡 I like knowing the exact date my pics were taken!,True,https://play.google.com/store/apps/details?id=com.google.android.apps.photos&reviewId=d1cf3f8a-a893-49be-95a1-1798323ace01,
play:1056b07983ae,play_store,I can't retrieve a lost photo that I'm trying to find in the trash,True,unspecified,['nothing_specific'],[],access,gave_up,2,I can't retrieve a lost photo that I'm trying to find in the trash,True,https://play.google.com/store/apps/details?id=com.google.android.apps.photos&reviewId=981c1891-6214-4d21-aa17-52990e37508a,
play:14b745d1e4cb,play_store,"removing the classic search feature and including gemini has made image search much worse. It takes much longer to search through images (and the request is sent off-device, i believe old search was on-device)",True,unspecified,['nothing_specific'],[],interpret,unknown,2,removing the classic search feature and including gemini has made image search much worse.,True,https://play.google.com/store/apps/details?id=com.google.android.apps.photos&reviewId=80eb2b50-a3d7-4ece-8484-15e593a4c0ba,
play:6bf74a3fd5a8,play_store,it's good but hard to find desired photos it' should be more organised,True,unspecified,['nothing_specific'],[],browse,unknown,1,it's good but hard to find desired photos it' should be more organised,True,https://play.google.com/store/apps/details?id=com.google.android.apps.photos&reviewId=2d368d03-6945-446a-be55-de7af3914836,
play:dd1b3b566284,play_store,Google photos lost 20+ years of photos and video. The entire lifespan of the only dog I ever had. I've been going out of my mind trying to find my photos for months and months now. I don't know what to do. I need replacements for 2012 -2026 Someone Please Please Help,True,pet,['time_approx' 'life_chapter'],[],access,gave_up,3,Google photos lost 20+ years of photos and video... I've been going out of my mind trying to find my photos,False,https://play.google.com/store/apps/details?id=com.google.android.apps.photos&reviewId=1bd05c72-24e7-489f-a21f-775797fcfdcd,
play:8cca0b733f76,play_store,Google photos app is the world biggest trash bin 🚮 it's impossible to finding those things in my phone stroge,True,unspecified,['nothing_specific'],[],browse,gave_up,2,it's impossible to finding those things in my phone stroge,True,https://play.google.com/store/apps/details?id=com.google.android.apps.photos&reviewId=4d5cc708-214c-4cef-a040-ff36cf0e28af,
play:04fe1300cc87,play_store,the app is nice but I can't watch my old picture and video without data,True,unspecified,['nothing_specific'],[],access,gave_up,1,I can't watch my old picture and video without data,True,https://play.google.com/store/apps/details?id=com.google.android.apps.photos&reviewId=53895dcf-7b1b-4781-a187-a522a960907b,
play:5b6df5712544,play_store,It's a great photos app. I just wish I could find my backed up photos,True,unspecified,['nothing_specific'],[],interpret,unknown,1,I just wish I could find my backed up photos,True,https://play.google.com/store/apps/details?id=com.google.android.apps.photos&reviewId=5f340cf5-55ef-4a58-b2a6-4bfa61683e42,
play:285218e30abb,play_store,Difficult to find photos because there are 2 different places to save,True,unspecified,['nothing_specific'],[],interpret,unknown,1,Difficult to find photos because there are 2 different places to save,True,https://play.google.com/store/apps/details?id=com.google.android.apps.photos&reviewId=964cfb07-0ad9-417a-9fc5-e9cf61d18bf4,
hn:d6c7698c4645,hacker_news,"Splashbase: Find free, public domain, hi res photos. I hold this article in my bookmarks as a starting point to search various services like this one:
 http://designrope.com/design/find-stock-photos-dont-suck/  I love these sites, but unfortunately the amount of really useful photos you can find in these sites is pretty low, unless you don't really have boundaries on the subject.
Even then, I find these pictures incredibly difficult to use properly. 1) Even in the flat blur era, you can't illustrate everything with a cool and inspiring picture of a mountain or the slightly unsettling picture of a dark forest.
Sometimes the clients needs them smiling construction workers with all their safety gear in place. Good luck finding a picture like that on those free stock websites.
It's obvious that if you're doing client work you shouldn't even think of not billable options, there's really no reason to avoid Stocksy, Creative Market and other cool pay-per-picture services. 2)Although you may find the rare gem, these images are free because their quality is not that high (technically speaking, composition is usually pretty good). I increasingly find myself looking at headers of glorious full width websites with a clear noise in the dark areas that completely ruins the effect. 3) Originality is lost. We reached a tipping point where you can spot an unsplash picture from miles away. Conclusion: use them as placeholders in new projects, use them for templates or themes you're selling, use them to illustrate your blog post about some inspiring stuff. Avoid them for a personal project you care about, abhor them for client work",False,unspecified,[],[],unclear,unknown,1,,False,https://news.ycombinator.com/item?id=7914996,
play:bf97e8249931,play_store,Best app ever. Able to back up my pictures and find them again after years in another 4n,False,unspecified,[],[],unclear,unknown,1,,False,https://play.google.com/store/apps/details?id=com.google.android.apps.photos&reviewId=3325131e-c207-4d7f-af7f-950e72ca91b7,
play:836cfa4946f8,play_store,"love the app been saving my photos for as long as I remember, and they are intact",False,unspecified,[],[],unclear,unknown,1,,False,https://play.google.com/store/apps/details?id=com.google.android.apps.photos&reviewId=db887bd4-40a6-4981-9350-77cdabaa95a1,
play:f1aa4abe40f4,play_store,old memories photo recover,False,unspecified,[],[],unclear,unknown,1,,False,https://play.google.com/store/apps/details?id=com.google.android.apps.photos&reviewId=6eb4b3bb-6272-406f-bc85-5e8a980a8651,
hn:71a824e54ddb,hacker_news,"The Neat Little Vehicles That Run a Cemetery. In Vienna there are cemetery workers that set off from their office each day on bikes, with brackets that hold a shovel against the bike frame. I’ve done some searching but can’t find a photo",False,unspecified,[],[],unclear,unknown,1,,False,https://news.ycombinator.com/item?id=48525454,
play:db2fd57add19,play_store,"Google Photos is a very powerful app for managing photos and videos, and it also features cloud storage that allows files to be safely saved to your account. This helps you easily restore photos when changing or losing your phone, along with great organization and fast search within your content",False,unspecified,[],[],unclear,unknown,1,,False,https://play.google.com/store/apps/details?id=com.google.android.apps.photos&reviewId=f6842c22-b619-4cd7-875b-a2a28dd7405a,
play:5740e1058ea5,play_store,"Google Photos is the undisputed king of cloud photo management for organization, smart search, and effortless cross-platform sharing. However, it operates as an entry point into Google's paid storage ecosystem, meaning heavy users will inevitably face paywalls",False,unspecified,[],[],unclear,unknown,1,"Google Photos is the undisputed king of cloud photo management for organization, smart search",True,https://play.google.com/store/apps/details?id=com.google.android.apps.photos&reviewId=bef6d5d5-68e4-42ee-b0bb-b6a46de49beb,
play:530e578603a9,play_store,love memories 😘 by Mr RBR KD Google Photos Best app forever,False,unspecified,[],[],unclear,unknown,1,,False,https://play.google.com/store/apps/details?id=com.google.android.apps.photos&reviewId=e5d86b67-4146-48cd-95f0-9d09bff5c863,
appstore:b507f19675ed,app_store,"Memories. Wonderful work on this photo gallery done Google, making people feel more happy with their photos",False,unspecified,[],[],unclear,unknown,1,,False,https://apps.apple.com/in/app/id962194608?see-all=reviews,
play:f476daeaca46,play_store,"It's a lot of stress, when I deleted my photos in here. It disrupted my phone's own gallery. It deleted a lot of important pictures and videos. It holds important memories and very sentimental to me. When I try to recover it, it doesn't work. I hate this so much!!!",False,unspecified,[],[],unclear,unknown,1,,False,https://play.google.com/store/apps/details?id=com.google.android.apps.photos&reviewId=0e9f724c-7524-486a-b8ab-287f41270fbc,
play:c0048f188341,play_store,love the use and all the pictures and memories it shows over the weeks to even years,False,unspecified,[],[],unclear,unknown,1,,False,https://play.google.com/store/apps/details?id=com.google.android.apps.photos&reviewId=d09ecb65-7fbc-4623-8007-1dd6020696f5,
play:0d1ae79970bc,play_store,Good App. But Sometimes I Can't Add Location In Photos. I Search but No Recommendation Result finds. even Not Showing Any Results Some Times. I think Google Need To Fix This Problem,False,unspecified,[],[],unclear,unknown,1,,False,https://play.google.com/store/apps/details?id=com.google.android.apps.photos&reviewId=d32ade74-1447-48d7-a065-adc6379da537,
play:7fd0e81dd1ac,play_store,best to keep ya photos and memories,False,unspecified,[],[],unclear,unknown,1,,False,https://play.google.com/store/apps/details?id=com.google.android.apps.photos&reviewId=b7d079b8-df04-4c5c-8435-fa56924c58a2,
appstore:3049aabf2571,app_store,"Great set and forget photos app. Has great features for normal photo viewing, Also can automatically create animations and other improvements via suggestions. It also has some great photo editing tools as well. Works great across multiple platforms with no real delay. With the free price tag for a great photo library viewer and Tool set then you can’t go past this application",False,unspecified,[],[],unclear,unknown,1,,False,https://apps.apple.com/au/app/id962194608?see-all=reviews,
hn:41c090d403b1,hacker_news,"Apple Photos phones home on iOS 18 and macOS 15. In the OP article it seems more like users demand to search their photos by text, and Apple has put in a huge effort to enable that without gaining access to your photos",False,unspecified,[],[],unclear,unknown,1,,False,https://news.ycombinator.com/item?id=42538539,
play:965eaa4884b8,play_store,The experience of memories is so brilliant and such a great way to look back at the pictures which would otherwise stay hidden in storage ! Thanks for the feature and this app!,False,unspecified,[],[],unclear,unknown,1,,False,https://play.google.com/store/apps/details?id=com.google.android.apps.photos&reviewId=d13f8741-8519-4a09-9cdf-f25ac2cd78ec,
hn:b812ff3ee959,hacker_news,"Why I asked to be removed from the Techweek 100. I don't find the photo particularly scandalous, but taken in the context of the tech industry issues with sexism, it definitely shows a lack of awareness on the part of the organizers. I would hate to see us become so politically correct that we can't show a picture of people having fun to advertise a party.  But, it's not that hard to find stock images of both men and women who are attractive, having fun together and not dressed up like playboy models kissing one another",False,unspecified,[],[],unclear,unknown,1,,False,https://news.ycombinator.com/item?id=7849058,
play:b541cc934270,play_store,"Google Photos has been amazing for me. It is so convenient for storing, organizing, and reliving special memories anytime",False,unspecified,[],[],unclear,unknown,1,,False,https://play.google.com/store/apps/details?id=com.google.android.apps.photos&reviewId=24d5fcfc-db83-4448-be4d-ddb5df87bc92,
play:23658ce58cdb,play_store,"I have used Google photos for years and have enjoyed using the app until recently. Unfortunately, there are frequent bugs when using the app on my Google Pixel. It will now not allow me to create new albums and does not save photos I place in albums. Face tagging is inaccurate and does not work well anymore. Photos are duplicated whenever they are edited which is inconvenient. I have to frequently reinstall the app which still does not resolve the problems. I found it worked better on an iPhone!",False,unspecified,[],[],unclear,unknown,1,,False,https://play.google.com/store/apps/details?id=com.google.android.apps.photos&reviewId=64c40fff-7d33-4b30-a3ec-256ef99e9fad,
hn:e548bca5bf88,hacker_news,"Less than a month to go before Google breaks links to Google+ Picasa albums. To be fair, I've had surprisingly good luck at searching for photos in Google Photos by text. The AI there seems pretty solid",False,unspecified,[],[],unclear,unknown,1,,False,https://news.ycombinator.com/item?id=19332581,
